series_name,episode_no,douyin_video_id
北派寻宝笔记,1,7622167244545609002
北派寻宝笔记,2,7622167279341571369
北派寻宝笔记,3,7622167310907854099
北往,7,7605575024250047744
北往,8,7605904406625717519
北往,9,7615844362039135498
荒年全村啃树皮，我有系统满仓肉,1,7635871930213469475
荒年全村啃树皮，我有系统满仓肉,2,7633646133704805682
荒年全村啃树皮，我有系统满仓肉,3,7635872001491569954
家里家外,8,7541345145053056292
家里家外,9,7541345147217300775
家里家外,10,7541345161318567210
那年冬至,1,7618159266217708815
那年冬至,2,7618159314791828771
那年冬至,3,7618159356693007656
十八岁太奶奶驾到，重整家族荣耀第三部,1,7564671936987581739
十八岁太奶奶驾到，重整家族荣耀第三部,2,7564340131549777187
十八岁太奶奶驾到，重整家族荣耀第三部,3,7564999119719157001
撕夜,1,7510061242745179427
撕夜,2,7509783241163836707
撕夜,3,7510061239532342580
天下第一纨绔,22,7579598768081734921
天下第一纨绔,23,7579600046866337074
天下第一纨绔,24,7579598860520082698
幸得相遇离婚时,3,7546167223900015918
幸得相遇离婚时,4,7546167230803807514
幸得相遇离婚时,5,7546167238928141578
云渺1：我修仙多年强亿点怎么了,18,7564672462479183155
云渺1：我修仙多年强亿点怎么了,19,7564672498210458926
云渺1：我修仙多年强亿点怎么了,20,7564672546218446118
